{"surpportVectorAlphas": [[0.06961951958546386], [0.01690550194471759], [0.01690550194471759], [0.027269898468637022], [0.0452297155597418], [0.027269898468637022], [0.024389804025722064], [0.06140181426303817], [0.06140181426303817]], "__module__": "svm", "b": [[-2.899017481600594]], "surpportVector": [[3.542485, 1.977398], [2.114999, -0.004466], [8.127113, 1.274372], [4.658191, 3.507396], [8.197181, 1.545132], [7.40786, -0.121961], [6.960661, -0.245353], [6.080573, 0.418886], [3.107511, 0.758367]], "surpportVectorClass": [[-1.0], [-1.0], [1.0], [-1.0], [1.0], [1.0], [1.0], [1.0], [-1.0]], "KTup": ["lin", 0], "__class__": "svmClassifer"}