{"surpportVectorAlphas": [[0.7664981080766438], [0.9320046627583104], [0.30539470992847495], [1.2187379460219483], [0.7020100051795588], [0.6441914540735681], [0.6777498392294488], [0.3330802773801661], [0.6858274156809057], [0.8140005354101689], [0.45562365012858685], [0.6674662210956505], [1.2111892632085688], [0.8658234622809113], [0.7565813488131682], [0.9119314658497087], [0.5663729140154387], [1.1900015568643971], [0.7686076979733305], [0.7397558367196962], [0.7864454614770789], [1.0571969804153671], [0.8518267384316502], [0.7559578942150871], [0.6842325093066813], [1.2022229944646303], [0.7853188388138805], [0.8231317991008791], [1.1816211363108207], [0.6560299593372514], [0.7558797524134131], [0.7727765075322535], [1.1220522039517873], [1.2117216149766334], [0.43288684633832375], [0.7167584160973869], [0.7368496590586993], [0.4771849670845621], [1.0057785166571953], [1.2143587926593944], [0.769703965491894], [0.7210775277208944], [0.7343066946127603], [1.169943872822058], [0.7494216270591915], [0.07548261898198866], [0.759638338888981], [0.8392480754725196], [1.2230072643702377], [1.0075304370070748], [1.0557753868829085], [0.7760403815855627], [1.2165617621001765], [1.109389430793231], [1.2201872374263583], [0.7516525558150593], [0.6155174190880404], [0.6979591099737354], [0.9144885980511005], [1.205708067761235], [1.2172812732089093], [0.7789767139712704], [0.7688975591179612], [0.6802067342791013], [0.7405108136119164], [0.7524603573586214], [0.8455561279084837], [0.5148562725242634], [0.700229096780337], [0.6803678193039081], [0.44438708144191474], [0.7284840382859358], [0.8754334969050875], [0.9036559708054761], [0.7660499941299721], [1.114169518888424], [0.5820225340886953], [0.7734671307636181], [0.044857188714481466], [0.7410281285778862], [0.2715141174253787], [0.51531009552947], [0.7409870756943361], [0.8585771292279062], [0.7783697083576724], [0.6377215886745966], [0.7704617285784852], [0.6443516454417], [0.7435096854344864], [0.5931964765077067], [0.766290144660303], [0.4159913237792428], [0.02007182557629722], [0.7734050121880544], [0.7837589742988832], [0.7013843825213206]], "__module__": "svm", "b": [[-0.2286084770904117]], "surpportVector": [[-0.214824, 0.662756], [-0.061569, -0.091875], [0.406933, 0.648055], [0.22365, 0.130142], [0.231317, 0.766906], [-0.7488, -0.531637], [-0.557789, 0.375797], [0.207123, -0.019463], [0.286462, 0.71947], [-0.152696, -0.15303], [0.384471, 0.653336], [-0.11728, -0.153217], [-0.238076, 0.000583], [-0.413576, 0.145681], [0.490767, -0.680029], [0.199894, -0.199381], [-0.356048, 0.53796], [-0.392868, -0.125261], [0.353588, -0.070617], [0.020984, 0.92572], [-0.475167, -0.346247], [0.074952, 0.042783], [0.394164, -0.058217], [0.663418, 0.436525], [0.402158, 0.577744], [-0.449349, -0.038074], [0.61908, -0.088188], [0.268066, -0.071621], [-0.015165, 0.359326], [0.539368, -0.374972], [-0.319153, 0.629673], [0.694424, 0.64118], [0.079522, 0.193198], [0.253289, -0.285861], [-0.035558, -0.010086], [-0.403483, 0.474466], [-0.034312, 0.995685], [-0.590657, 0.438051], [-0.098871, -0.023953], [-0.250001, 0.141621], [-0.012998, 0.525985], [0.153738, 0.491531], [0.388215, -0.656567], [0.068286, 0.392741], [0.7478, -0.06663], [0.004621, -0.042932], [-0.7016, 0.190983], [0.055413, -0.02438], [0.035398, -0.333682], [0.211795, 0.024689], [-0.045677, 0.172907], [0.595222, 0.20957], [0.229465, 0.250409], [-0.089293, 0.068198], [0.3843, -0.17657], [0.834912, -0.110321], [-0.307768, 0.503038], [-0.777063, -0.348066], [0.01739, 0.152441], [-0.293382, -0.139778], [-0.203272, 0.286855], [0.957812, -0.152444], [0.004609, -0.070617], [-0.755431, 0.096711], [-0.526487, 0.547282], [-0.246873, 0.833713], [0.185639, -0.066162], [0.851934, 0.456603], [-0.827912, 0.117122], [0.233512, -0.106274], [0.583671, -0.709033], [-0.487023, 0.62514], [-0.448939, 0.176725], [0.155907, -0.166371], [0.334204, 0.381237], [0.081536, -0.106212], [0.227222, 0.527437], [0.75929, 0.33072], [0.204177, -0.023516], [0.577939, 0.403784], [-0.568534, 0.442948], [0.87572, 0.422476], [0.297885, -0.632874], [-0.015821, 0.031226], [0.541359, -0.205969], [-0.689946, -0.508674], [-0.343049, 0.841653], [0.523902, -0.436156], [0.249281, -0.71184], [0.193449, 0.574598], [-0.257542, -0.753885], [0.601559, -0.727041], [-0.791603, 0.095651], [-0.908298, -0.053376], [0.12202, 0.850966], [-0.725568, -0.292022]], "surpportVectorClass": [[-1.0], [1.0], [-1.0], [1.0], [-1.0], [-1.0], [-1.0], [1.0], [-1.0], [1.0], [-1.0], [1.0], [1.0], [1.0], [-1.0], [1.0], [-1.0], [1.0], [1.0], [-1.0], [-1.0], [1.0], [1.0], [-1.0], [-1.0], [1.0], [-1.0], [1.0], [1.0], [-1.0], [-1.0], [-1.0], [1.0], [1.0], [1.0], [-1.0], [-1.0], [-1.0], [1.0], [1.0], [-1.0], [-1.0], [-1.0], [1.0], [-1.0], [1.0], [-1.0], [1.0], [1.0], [1.0], [1.0], [-1.0], [1.0], [1.0], [1.0], [-1.0], [-1.0], [-1.0], [1.0], [1.0], [1.0], [-1.0], [1.0], [-1.0], [-1.0], [-1.0], [1.0], [-1.0], [-1.0], [1.0], [-1.0], [-1.0], [1.0], [1.0], [-1.0], [1.0], [-1.0], [-1.0], [1.0], [-1.0], [-1.0], [-1.0], [-1.0], [1.0], [-1.0], [-1.0], [-1.0], [-1.0], [-1.0], [-1.0], [-1.0], [-1.0], [-1.0], [-1.0], [-1.0], [-1.0]], "KTup": ["rbf", 0.05], "__class__": "svmClassifer"}