{"surpportVectorAlphas": [[0.09985938580667586], [4.175933407545826], [8.78973528297335], [1.0636505136980063], [4.440892098500626e-16], [2.2555408411708293], [17.255758287551565], [2.231734920419742], [6.488643747410186], [20.98230223306283], [4.47258426358645], [2.5212223317255607], [2.855009343742212], [5.9375507325740875], [7.453479850401193], [1.0136102587821851], [2.9886968526505626], [2.855009343742212], [7.580529377722009], [2.1720350412695435], [3.0316012221080366], [2.7194452176573125], [2.6346776082337833], [8.881784197001252e-16], [1.9763838671106706], [7.803365542494168], [10.832020513637719]], "__module__": "svm", "b": [[-5.178677323459608]], "surpportVector": [[-0.214824, 0.662756], [0.22365, 0.130142], [-0.557789, 0.375797], [-0.152696, -0.15303], [0.384471, 0.653336], [-0.238076, 0.000583], [-0.413576, 0.145681], [0.199894, -0.199381], [-0.356048, 0.53796], [-0.475167, -0.346247], [0.394164, -0.058217], [-0.449349, -0.038074], [0.61908, -0.088188], [-0.015165, 0.359326], [0.539368, -0.374972], [-0.319153, 0.629673], [0.253289, -0.285861], [-0.250001, 0.141621], [-0.012998, 0.525985], [0.068286, 0.392741], [0.035398, -0.333682], [0.229465, 0.250409], [0.3843, -0.17657], [-0.307768, 0.503038], [-0.203272, 0.286855], [-0.448939, 0.176725], [0.334204, 0.381237]], "surpportVectorClass": [[-1.0], [1.0], [-1.0], [1.0], [-1.0], [1.0], [1.0], [1.0], [-1.0], [-1.0], [1.0], [1.0], [-1.0], [1.0], [-1.0], [-1.0], [1.0], [1.0], [-1.0], [1.0], [1.0], [1.0], [1.0], [-1.0], [1.0], [1.0], [-1.0]], "KTup": ["rbf", 1.3], "__class__": "svmClassifer"}