{"surpportVectorAlphas": [[0.008272305405061853], [2.083032966369566], [0.5266648598578528], [3.0310174492914372], [0.5519771192016718], [0.3748767774326641], [2.0780003621372978], [1.587052335061264], [1.5813777112829568], [1.1047039888728576], [0.9792205245767356], [0.6337272805801644], [0.6337272805801644], [1.4831082365532953], [1.3086123030800436], [2.5747409423879626], [0.9311930459189861], [1.309615972122786], [0.9445776957884843], [0.9445776957884843], [0.6448486224075571], [1.0210640672019935]], "__module__": "svm", "b": [[-1.5481889870826369]], "surpportVector": [[-0.7488, -0.531637], [-0.557789, 0.375797], [-0.152696, -0.15303], [-0.413576, 0.145681], [0.490767, -0.680029], [-0.356048, 0.53796], [-0.475167, -0.346247], [0.394164, -0.058217], [-0.449349, -0.038074], [0.61908, -0.088188], [-0.015165, 0.359326], [0.253289, -0.285861], [-0.403483, 0.474466], [-0.012998, 0.525985], [0.153738, 0.491531], [0.068286, 0.392741], [-0.7016, 0.190983], [0.3843, -0.17657], [-0.448939, 0.176725], [0.334204, 0.381237], [0.297885, -0.632874], [0.541359, -0.205969]], "surpportVectorClass": [[-1.0], [-1.0], [1.0], [1.0], [-1.0], [-1.0], [-1.0], [1.0], [1.0], [-1.0], [1.0], [1.0], [-1.0], [-1.0], [-1.0], [1.0], [-1.0], [1.0], [1.0], [-1.0], [-1.0], [-1.0]], "KTup": ["rbf", 0.5], "__class__": "svmClassifer"}